<?xml version="1.0" encoding="UTF-8"?>
<?xml-stylesheet type="text/xsl" href="aemet.xsl"?>
<root xmlns:xsd="https://www.w3.org/2001/XMLSchema" xmlns:xsi="https://www.w3.org/2001/XMLSchema-instance" id="14021" version="1.0" xsi:noNamespaceSchemaLocation="https://www.aemet.es/xsd/localidades.xsd">
<origen>
<productor>Agencia Estatal de Meteorología - AEMET. Gobierno de España</productor>
<web>https://www.aemet.es</web>
<enlace>https://www.aemet.es/es/eltiempo/prediccion/municipios/cordoba-id14021</enlace>
<language>es</language>
<copyright>© AEMET. Autorizado el uso de la información y su reproducción citando a AEMET como autora de la misma.</copyright>
<nota_legal>https://www.aemet.es/es/nota_legal</nota_legal>
</origen>
<elaborado>2021-05-10T07:50:39</elaborado>
<nombre>Córdoba</nombre>
<provincia>Córdoba</provincia>
<prediccion>
<dia fecha="2021-05-10">
<prob_precipitacion periodo="00-24">100</prob_precipitacion>
<prob_precipitacion periodo="00-12">25</prob_precipitacion>
<prob_precipitacion periodo="12-24">90</prob_precipitacion>
<prob_precipitacion periodo="00-06">5</prob_precipitacion>
<prob_precipitacion periodo="06-12">25</prob_precipitacion>
<prob_precipitacion periodo="12-18">45</prob_precipitacion>
<prob_precipitacion periodo="18-24">75</prob_precipitacion>
<cota_nieve_prov periodo="00-24">1500</cota_nieve_prov>
<cota_nieve_prov periodo="00-12"/>
<cota_nieve_prov periodo="12-24">1500</cota_nieve_prov>
<cota_nieve_prov periodo="00-06"/>
<cota_nieve_prov periodo="06-12"/>
<cota_nieve_prov periodo="12-18"/>
<cota_nieve_prov periodo="18-24">1500</cota_nieve_prov>
<estado_cielo periodo="00-24" descripcion="Intervalos nubosos con lluvia escasa">43</estado_cielo>
<estado_cielo periodo="00-12" descripcion="Intervalos nubosos">13</estado_cielo>
<estado_cielo periodo="12-24" descripcion="Muy nuboso con lluvia escasa">45</estado_cielo>
<estado_cielo periodo="00-06" descripcion="Poco nuboso">12n</estado_cielo>
<estado_cielo periodo="06-12" descripcion="Intervalos nubosos">13</estado_cielo>
<estado_cielo periodo="12-18" descripcion="Muy nuboso">15</estado_cielo>
<estado_cielo periodo="18-24" descripcion="Nuboso con lluvia escasa">44</estado_cielo>
<viento periodo="00-24">
<direccion>O</direccion>
<velocidad>25</velocidad>
</viento>
<viento periodo="00-12">
<direccion>O</direccion>
<velocidad>25</velocidad>
</viento>
<viento periodo="12-24">
<direccion>O</direccion>
<velocidad>30</velocidad>
</viento>
<viento periodo="00-06">
<direccion>C</direccion>
<velocidad>0</velocidad>
</viento>
<viento periodo="06-12">
<direccion>O</direccion>
<velocidad>25</velocidad>
</viento>
<viento periodo="12-18">
<direccion>O</direccion>
<velocidad>30</velocidad>
</viento>
<viento periodo="18-24">
<direccion>O</direccion>
<velocidad>10</velocidad>
</viento>
<racha_max periodo="00-24">65</racha_max>
<racha_max periodo="00-12">40</racha_max>
<racha_max periodo="12-24">65</racha_max>
<racha_max periodo="00-06"/>
<racha_max periodo="06-12">40</racha_max>
<racha_max periodo="12-18">65</racha_max>
<racha_max periodo="18-24"/>
<temperatura>
<maxima>22</maxima>
<minima>11</minima>
<dato hora="06">10</dato>
<dato hora="12">21</dato>
<dato hora="18">16</dato>
<dato hora="24">12</dato>
</temperatura>
<sens_termica>
<maxima>22</maxima>
<minima>9</minima>
<dato hora="06">10</dato>
<dato hora="12">21</dato>
<dato hora="18">16</dato>
<dato hora="24">12</dato>
</sens_termica>
<humedad_relativa>
<maxima>100</maxima>
<minima>30</minima>
<dato hora="06">90</dato>
<dato hora="12">35</dato>
<dato hora="18">55</dato>
<dato hora="24">80</dato>
</humedad_relativa>
<uv_max>7</uv_max>
</dia>
<dia fecha="2021-05-11">
<prob_precipitacion periodo="00-24">0</prob_precipitacion>
<prob_precipitacion periodo="00-12">0</prob_precipitacion>
<prob_precipitacion periodo="12-24">0</prob_precipitacion>
<prob_precipitacion periodo="00-06">0</prob_precipitacion>
<prob_precipitacion periodo="06-12">0</prob_precipitacion>
<prob_precipitacion periodo="12-18">0</prob_precipitacion>
<prob_precipitacion periodo="18-24">0</prob_precipitacion>
<cota_nieve_prov periodo="00-24"/>
<cota_nieve_prov periodo="00-12"/>
<cota_nieve_prov periodo="12-24"/>
<cota_nieve_prov periodo="00-06"/>
<cota_nieve_prov periodo="06-12"/>
<cota_nieve_prov periodo="12-18"/>
<cota_nieve_prov periodo="18-24"/>
<estado_cielo periodo="00-24" descripcion="Despejado">11</estado_cielo>
<estado_cielo periodo="00-12" descripcion="Despejado">11</estado_cielo>
<estado_cielo periodo="12-24" descripcion="Despejado">11</estado_cielo>
<estado_cielo periodo="00-06" descripcion="Despejado">11n</estado_cielo>
<estado_cielo periodo="06-12" descripcion="Despejado">11</estado_cielo>
<estado_cielo periodo="12-18" descripcion="Despejado">11</estado_cielo>
<estado_cielo periodo="18-24" descripcion="Despejado">11</estado_cielo>
<viento periodo="00-24">
<direccion>NO</direccion>
<velocidad>10</velocidad>
</viento>
<viento periodo="00-12">
<direccion>NO</direccion>
<velocidad>10</velocidad>
</viento>
<viento periodo="12-24">
<direccion>NO</direccion>
<velocidad>10</velocidad>
</viento>
<viento periodo="00-06">
<direccion>SO</direccion>
<velocidad>5</velocidad>
</viento>
<viento periodo="06-12">
<direccion>NO</direccion>
<velocidad>10</velocidad>
</viento>
<viento periodo="12-18">
<direccion>O</direccion>
<velocidad>10</velocidad>
</viento>
<viento periodo="18-24">
<direccion>E</direccion>
<velocidad>10</velocidad>
</viento>
<racha_max periodo="00-24"/>
<racha_max periodo="00-12"/>
<racha_max periodo="12-24"/>
<racha_max periodo="00-06"/>
<racha_max periodo="06-12"/>
<racha_max periodo="12-18"/>
<racha_max periodo="18-24"/>
<temperatura>
<maxima>24</maxima>
<minima>7</minima>
<dato hora="06">8</dato>
<dato hora="12">21</dato>
<dato hora="18">22</dato>
<dato hora="24">13</dato>
</temperatura>
<sens_termica>
<maxima>24</maxima>
<minima>5</minima>
<dato hora="06">8</dato>
<dato hora="12">21</dato>
<dato hora="18">22</dato>
<dato hora="24">13</dato>
</sens_termica>
<humedad_relativa>
<maxima>100</maxima>
<minima>25</minima>
<dato hora="06">95</dato>
<dato hora="12">35</dato>
<dato hora="18">25</dato>
<dato hora="24">45</dato>
</humedad_relativa>
<uv_max>9</uv_max>
</dia>
<dia fecha="2021-05-12">
<prob_precipitacion periodo="00-24">0</prob_precipitacion>
<prob_precipitacion periodo="00-12">0</prob_precipitacion>
<prob_precipitacion periodo="12-24">0</prob_precipitacion>
<cota_nieve_prov periodo="00-24"/>
<cota_nieve_prov periodo="00-12"/>
<cota_nieve_prov periodo="12-24"/>
<estado_cielo periodo="00-24" descripcion="Despejado">11</estado_cielo>
<estado_cielo periodo="00-12" descripcion="Despejado">11</estado_cielo>
<estado_cielo periodo="12-24" descripcion="Poco nuboso">12</estado_cielo>
<viento periodo="00-24">
<direccion>O</direccion>
<velocidad>10</velocidad>
</viento>
<viento periodo="00-12">
<direccion>O</direccion>
<velocidad>10</velocidad>
</viento>
<viento periodo="12-24">
<direccion>NO</direccion>
<velocidad>15</velocidad>
</viento>
<racha_max periodo="00-24"/>
<racha_max periodo="00-12"/>
<racha_max periodo="12-24"/>
<temperatura>
<maxima>28</maxima>
<minima>9</minima>
</temperatura>
<sens_termica>
<maxima>28</maxima>
<minima>9</minima>
</sens_termica>
<humedad_relativa>
<maxima>85</maxima>
<minima>30</minima>
</humedad_relativa>
<uv_max>9</uv_max>
</dia>
<dia fecha="2021-05-13">
<prob_precipitacion periodo="00-24">15</prob_precipitacion>
<prob_precipitacion periodo="00-12">0</prob_precipitacion>
<prob_precipitacion periodo="12-24">15</prob_precipitacion>
<cota_nieve_prov periodo="00-24"/>
<cota_nieve_prov periodo="00-12"/>
<cota_nieve_prov periodo="12-24"/>
<estado_cielo periodo="00-24" descripcion="Intervalos nubosos">13</estado_cielo>
<estado_cielo periodo="00-12" descripcion="Poco nuboso">12</estado_cielo>
<estado_cielo periodo="12-24" descripcion="Intervalos nubosos">13</estado_cielo>
<viento periodo="00-24">
<direccion>O</direccion>
<velocidad>10</velocidad>
</viento>
<viento periodo="00-12">
<direccion>O</direccion>
<velocidad>10</velocidad>
</viento>
<viento periodo="12-24">
<direccion>NO</direccion>
<velocidad>20</velocidad>
</viento>
<racha_max periodo="00-24"/>
<racha_max periodo="00-12"/>
<racha_max periodo="12-24"/>
<temperatura>
<maxima>29</maxima>
<minima>11</minima>
</temperatura>
<sens_termica>
<maxima>29</maxima>
<minima>11</minima>
</sens_termica>
<humedad_relativa>
<maxima>75</maxima>
<minima>30</minima>
</humedad_relativa>
<uv_max>9</uv_max>
</dia>
<dia fecha="2021-05-14">
<prob_precipitacion>15</prob_precipitacion>
<cota_nieve_prov>1400</cota_nieve_prov>
<estado_cielo descripcion="Intervalos nubosos">13</estado_cielo>
<viento>
<direccion>N</direccion>
<velocidad>5</velocidad>
</viento>
<racha_max/>
<temperatura>
<maxima>28</maxima>
<minima>10</minima>
</temperatura>
<sens_termica>
<maxima>28</maxima>
<minima>10</minima>
</sens_termica>
<humedad_relativa>
<maxima>90</maxima>
<minima>20</minima>
</humedad_relativa>
<uv_max>7</uv_max>
</dia>
<dia fecha="2021-05-15">
<prob_precipitacion>10</prob_precipitacion>
<cota_nieve_prov/>
<estado_cielo descripcion="Intervalos nubosos">13</estado_cielo>
<viento>
<direccion>O</direccion>
<velocidad>5</velocidad>
</viento>
<racha_max/>
<temperatura>
<maxima>33</maxima>
<minima>13</minima>
</temperatura>
<sens_termica>
<maxima>33</maxima>
<minima>13</minima>
</sens_termica>
<humedad_relativa>
<maxima>70</maxima>
<minima>35</minima>
</humedad_relativa>
</dia>
<dia fecha="2021-05-16">
<prob_precipitacion>10</prob_precipitacion>
<cota_nieve_prov/>
<estado_cielo descripcion="Intervalos nubosos">13</estado_cielo>
<viento>
<direccion>E</direccion>
<velocidad>5</velocidad>
</viento>
<racha_max/>
<temperatura>
<maxima>35</maxima>
<minima>17</minima>
</temperatura>
<sens_termica>
<maxima>35</maxima>
<minima>17</minima>
</sens_termica>
<humedad_relativa>
<maxima>85</maxima>
<minima>25</minima>
</humedad_relativa>
</dia>
</prediccion>
</root>